                  epoch,         train/box_loss,         train/cls_loss,         train/dfl_loss,   metrics/precision(B),      metrics/recall(B),       metrics/mAP50(B),    metrics/mAP50-95(B),           val/box_loss,           val/cls_loss,           val/dfl_loss,                 lr/pg0,                 lr/pg1,                 lr/pg2
                      1,                0.70423,                0.96062,                0.85104,                0.84745,                0.73836,                0.85027,                0.69139,                0.70025,                0.66333,                0.85813,               0.070023,              0.0033307,              0.0033307
                      2,                0.74217,                0.93504,                0.86213,                0.81849,                0.70471,                0.81811,                0.66279,                0.72622,                 0.7432,                0.87289,               0.039957,              0.0065981,              0.0065981
                      3,                0.78059,                0.98709,                0.87551,                0.73555,                0.63656,                0.73899,                0.59391,                0.76149,                0.90193,                0.88057,              0.0098253,              0.0097995,              0.0097995
                      4,                0.78584,                 0.9862,                0.87567,                0.78536,                0.66032,                0.77681,                0.62142,                0.75866,                0.81592,                 0.8736,               0.009703,               0.009703,               0.009703
                      5,                0.76481,                0.92116,                0.86917,                0.81213,                0.67466,                0.79512,                0.64201,                0.72257,                0.74506,                0.86528,               0.009604,               0.009604,               0.009604
